Author,Game
16 Bits Forever,After School
9_6,Bite the Bullet
Aaron Browder,Evie and Erebus
Acerworks,Formulax
Acerworks,Spacescape
Alan,Swim Worm
Alaric,Falling Troy
Alasdair Forsythe,Martyrdom Dungeon
Alex Schacher,Baghead Bandit
Alexander Shen,Don't Save The Princess
Alexey Bagrov,Химик в роли Pacman'а
Alexey Bagrov,Школстрел 1.5
Alexey Bagrov,Школстрел 2
Alexitron,And everything started to fall
Alexitron,Crab Blaster
Alexitron,Shocker
Alexitron,The Power
Alticurus,99 Guns
Amidos,Bactoriam
Amon26,All Of Our Friends Are Dead
Andrew Brophy,COSMOSA
Andrew McCluskey,Innoquous
Andrew McCluskey,Innoquous 2
Andrew McCluskey,Innoquous 3
Andrew McCluskey,Innoquous 4
Andy E. Hamm,COLDGEARZ
Andújar González,BlasterMan vs YellowSkull
Animetro,Nintendo World (Ultra EX)
Animetro,Nintendo World 2 (EX)
ArchMageOmega,Grapnel
ArKano,Dark Hive
ArKano,Light in the Darkness
Ashish R. Derhgawen,Ping Pong
Auntie Pixelante,Calamity Annie
AVataRR,Duke Nukem - Waiting for Forever
Baby Bonnie Hood,Macky & Pentell v25
Banov,Assassin Blue
Banov,CowboyKilla
Banov,Crazy Over Goo
Banov,Dubloon
Banov,Escape from the Underworld
Beam,a game with no name
Beanjo,Goat Bean Golf 2005
BeatUp Datsun,HEROES OF THE STONE AGE
Beau Blyth,Fish Face
Ben Roth,Cosgrove's Air Escape
Ben Roth,Cosgrove's Umbrella
Ben Roth,Isometric Tournament Demo
Ben Roth,Pacman me Crazy
Ben Roth,Survival of the Fittest
Ben Strasser,Risk
Ben91,Crazy Painters
Benjamin Anderson,Ancient War
Bianca Games,Astro Combat Babe's Quest
Bianca Games,Astro Combat Default Quest
Bianca Games,Bianca's Great Adventure
Bianca Games,Bionic and Chuckles
Bianca Games,Bionic The Hedgehog
Bianca Games,Bionic The Hedgehog 2
Bianca Games,Bionic The Hedgehog 3
Bianca Games,Crazy Tank
Bianca Games,Destroy The Mean Bibles Demo 1
Bianca Games,Groudon's Meadhall Smash Quest
Bianca Games,Killer Parakeet
Bianca Games,Killer Parakeet Fixed
Bianca Games,Kyogre and Groudon's Multiplayer Meadhall Destroy Match
Bianca Games,Kyogre's 2nd Meadhall Flood Quest
Bianca Games,Kyogre's Meadhall Flood Quest
Bianca Games,Mars Defender
Bianca Games,Martian Chronicles - The Game
Bianca Games,Rayquaza's Meadhall Burn Quest
Bianca Games,Ridley's Adventure
Bianca Games,Runaway Dog
Bianca Games,Runaway Dog 2 Attack Of The Alien Planet
Bianca Games,Runaway Dog 3 Attack Of The Evil Demons
Bianca Games,Sky Bianca
Bianca Games,Sky Bianca 2
Bianca Games,Snake In The Lake
Bianca Games,Snake In The Lake 2
Bianca Games,Space Bianca
Bianca Games,Space Bianca 2 v4.0
Bianca Games,Space Bianca 3
Bianca Games,Tank Terminator
Biggt,La La Land
Biggt,La La Land 2
Biggt,La La Land 3
Biggt,La La Land 4
Biggt,La La Land 5
Biggt,uin
Bigmound.com,Bool v1.01
Bigmound.com,Booloid
Binex,Displaced
Bit2Games,Tales of the Maguse
Bitco Games,Crater Impact
Blendsoft Productions,Delta One
block0man,Blind
Bolweevil Productions,Destruere Pizzicato
Boo Entertainment,Earth vs Mars
Bouncing Fox Productions,Bob the Blob
Bouncing Fox Productions,Enemy Bomber Balloons
Bouncing Fox Productions,Equinox
Bouncing Fox Productions,Fox Battle
Bouncing Fox Productions,Fox Battle 2
Bouncing Fox Productions,Foxeroids
Bouncing Fox Productions,Foxvious
Bouncing Fox Productions,Space Oddity
Brad Harms,Eerie Lightz
Brad Harms,Monkey Fish
BrainWave Software,Little Red Ball
Brent Cowan,Doomed
Brent Ellison,Dungeons of Fayte
Brian Elting,Ball Fall
Brian Hicks,Alien Abduction
Broxter,Blockilitate
BusterBot858,Air Hockey 3D
Button Man Games,Wally
Button Man Games,Wally Land of the Wallows
ByteAlity,Bridging the Gap
ByteAlity,Byteality Tower Defense
ByteAlity,Connects
ByteAlity,Eau The Water Game
CACTUSQUID,Ad Nauseam 2
CACTUSQUID,Blockon
CACTUSQUID,Burn the Trash
CACTUSQUID,Cactus Arcade
CACTUSQUID,Cactus Arcade II
CACTUSQUID,Fractal Fighter
CACTUSQUID,Fuck Space
Candle,Aliens Away
Carl Gustaffson,Dog Fight v1.1a
Castrop Games,Shifter The Game
Chad Chisholm,Shotgun Funfun
Chawk,Challengo
Chevy Ray Johnston,Beacon
Chickenfeed37,Coilfighter
Clysm,Ambleek
Clysm,elu
Clysm,elu undersea
Clysm,Seiklus
Cole Medeiros,Gubs
CompFd,Bubble
Cool Moose,Acwabatiacs
Cool Moose,Crush
Cool Moose,DDMMA
Cool Moose,Going Coconuts
Cool Moose,RunMan Unlimited
Cool Moose,RunMan v12
Cool Moose,RunMan's Christmas Adventure
Cool Moose,RunMan's Monster Fracas
Cool Moose,Samurai Smackdown v9
Copperbolt,Deadly Steps 3  - Lockdown
Copperbolt,Deadly Steps 4 - The Showdown
CosMind,Glum Buster
Crimax Games,Albero and the Great Blue Emblem
Crimax Games,Blast Radius
Crimax Games,Dex Deluxe
Crimax Games,Dim
Cronotek Entertainment,Deathball 2d
D. Eugene Perry,Centipede's Revenge
D. Eugene Perry,Cube The Game
D. Eugene Perry,Darwin
D. Eugene Perry,Paper Flight
D.R. Incorporated Games,Shatter
DakaArts,Styobon Action 3
Dale Krausnick,Super Happy Fun Space Game
Damaged Games,Hard Hat - The Rebellion
Damaged Games,Hard Hat 2 -War Ensemble-
Damaged Games,Hard Hat 3
Damaged Games,Hard Hat 4
DamonX,Ant's Attack
DanFornace,Blackfoot
Dark Ark Productions,Evac & Rescue
Darklink570,Ness' Christmas Journey
Darrel Pepper,Death Dungeon
Darrel Pepper,Death Dungeon 2
Darthlupi,Airdoo
Darthlupi,Ragin Skies
Darthlupi,The Cleaner
David Cory Henderson,Paintball Beta v1
David Smithson,Ark 22
David W Wilson,Drone
Dazlog,30 Seconds
Dennis Toney,Fruit Fusion
Derek Yu,Spelunky
Dezzan,Super Robotnik Land
Divinely Uninspired Games,Desperation
Donovan Clark,Dv Shooting Gallery
Donovan Clark,Marco
Donovan Clark,Mario
Donovan Clark,Mega Target
Drazzke & The Berryster,ChimpVenture
Effesser,Noirduck's Legacy
Effesser,Sonic Zone
ElDeno,Matrix Dude v1.0
Elmernite,Cell Burst
Emile Li-Ting,Super Smash Bros Rumble
EPFans,Coaster Rider
Eric Baptizat & Jean-Christophe Pelletier,Flock
Eric Burgess,Squarez
Erkka Virtanen & Tuukka Virtanen,Cookie Boy
Erkka Virtanen & Tuukka Virtanen,Cosmic
Erkka Virtanen & Tuukka Virtanen,Dance or Die
Excalibur,Deep Magic
Fazana,Nintendo Nightmare
FFS Games,Gemhex
Flying Banjo Games,Drop in the Bucket
FourthW,Cubic Conundrum
FredFredrickson,Aces High over Verlor Island
FredFredrickson,Evolites
FredFredrickson,Hover Tank 3d
Fuegerstef,Hedgehogs
Fuzzy Future Games,Blue Buddy 2
Game Fortress,The Curse of Kaumaha
GameCave,Gems
GamesForFree.net,Light Switch
Gaqua,Base Defender V2
Gleamwater,Typogun
GMCLANS,Hell's Gate
GMCLANS,Yum Yum Final
God Master,Space Solders
"GPTouch, Inc",Hello Panda
Granite Gear,Agent Bunn-e
Granite Gear,Gray and Green
Granite Gear,Gray and Green - The Guardians
GroundZeroGames,Baby Has the Flamethrower
GT Softwork,Haunting Hospital
Guzu Ligo,Cave of Monsters
GZ Storm,Gythol Granditti The Crypt of Darkness
Ha Ha Wat Vet,Assault on Planet Equidon
Hanako Games,Cute Knight Deluxe Demo
Hanako Games,Fatal Hearts
HarbuWare,Eha Hippa Demo
Heatbox Games,Ninja Strike
Helix Games,Hold Off Red
Hellbound,Blob v15
Hellbound,Dark Caves 1
Hellbound,Dark Caves 2
Hellbound,Ed
Hellbound,Little Bob
Hellbound,Little Bob 2
Hellbound,Memor-X
Hellbound,Scrambled
Hellbound,Sokoblast
HelloWaqas,The Adventures of Mario & Yoshi ! (Ver1)
Holgersson Entertainment,Fortify
Hotshotscott,Halo Revolution
Hugh K,Eggs with Legs and other strange things
Hydro Soft Games,Speed Cookie 2
Hyper X Games,Pong
Ideaz,Core
iLuvFuz,Around the World in 33 Days
Incinerated Games,Snowboard Madness (v1.2)
Incinerated Games,STS Skirmish Demo
Ingo Liebig,Castle Attack
Ingo Liebig,Fast Balls
Ingo Liebig,Ultimate fishing
Interceptor,Gentleman
Iteration GAMES,100 Invaders
Iteration GAMES,Aether Zap
Iteration GAMES,Black Bullet Hell
Iteration GAMES,brainTooth
Iteration GAMES,Cathode Raygun
Iteration GAMES,Cluster Funked
Iteration GAMES,Dust Scrape
Iteration GAMES,Empire Down
Iteration GAMES,Energy Battles
Iteration GAMES,Forward Always Forward
Iteration GAMES,Fuel Oil
Iteration GAMES,Gyoza
Iteration GAMES,Gyro Phyter
Iteration GAMES,Hive Mind
Iteration GAMES,Joust 3 - Revenge of the Lava Troll
Iteration GAMES,Lock On
Iteration GAMES,Lunar Rescue
Iteration GAMES,Newtonian Puzzler
Iteration GAMES,Overscan
Iteration GAMES,Proper 3D Chess GMI Test
Iteration GAMES,q u i e s c e n c e
Iteration GAMES,Return to Wor
Iteration GAMES,Seeds
Iteration GAMES,Sound Bug
Iteration GAMES,Strange Attractor
Iteration GAMES,Strategic Oil Reserve
Iteration GAMES,Sub Atomic
Iteration GAMES,The Life in Matter
Iteration GAMES,The Lila Experiments
Iteration GAMES,Valence
Iteration GAMES,Wizard of Wor
J-Factor,Soul Fighter
Jack Oatley,Hexsweeper
Jack Oatley,Hexsweeper 2
Jack Russel,Seraphim Flame Final Cut
Jack Russel,The Hanrahan Game - Final Mix
JaJ,Abandoned
JakeX,ColumnsX
Janthya,BreakBall
Jason Gieske,Ancient Battlegrounds
Jay Vachon,Bloomoon
Jazz Fish,AerialKeng
Jazzuo,1 Button 2 Language
Jazzuo,Action Maze
Jazzuo,Ass-Terror-It
Jazzuo,Bet On Samurai
Jazzuo,Boobza Sports
Jazzuo,Crazy Music
Jazzuo,Crazy Music 3
Jazzuo,Crucifiction
Jazzuo,Dildo Tank First Squirt
Jazzuo,Dildo Tank Full Blown
Jazzuo,Extreme Hockey
Jazzuo,Extreme Hockey 2nd Edition
Jazzuo,Extreme Hockey 3D
Jazzuo,Extreme Hockey Dead
Jazzuo,Extreme Snowball
Jazzuo,GM Challenge 1
Jazzuo,GM Double Fall
Jazzuo,GM Golf Challenge
Jazzuo,Gunboy 1
Jazzuo,Gunboy 2
Jazzuo,Gunboy 3
Jazzuo,Hermies The Game
Jazzuo,Honem Padlem
Jazzuo,House of Stairs
Jazzuo,John Delivery
Jazzuo,John Packadge
Jazzuo,John Wraper Demo
Jazzuo,John Wraper the Rapper
Jazzuo,Kamila's Masochist Meets The Sadist
Jazzuo,Kamila's Masochistic Game
Jazzuo,Kamila's Sadist Meets the Pacifists
Jazzuo,Letter Soccer Demo 2
Jazzuo,Lonely Vietnam
Jazzuo,Lonely Vietnam 2nd Episode Alone In Dark
Jazzuo,Lonely Vietnam 3
Jazzuo,Mandala Jazzuo
Jazzuo,Mario & Luiyie's Jumping Blooping
Jazzuo,Mrdeček
Jazzuo,Onaraburu Samurai
Jazzuo,Osamuraisann v1
Jazzuo,Osamuraisann v2
Jazzuo,Rape
Jazzuo,Rev Song
Jazzuo,Robot Escape
Jazzuo,Samurai Screen Saver
Jazzuo,Sexy Hand
Jazzuo,Sexy Hand 2
Jazzuo,Sexy Hiking v1
Jazzuo,Sexy Hiking v2
Jazzuo,Skating
Jazzuo,Soccer v3
Jazzuo,Soccer With Sound Version
Jazzuo,Star Wars
Jazzuo,Star Wars Episode VII The Dark Side v1
Jazzuo,Star Wars Episode VII The Dark Side v2
Jazzuo,Star Wars VII
Jazzuo,Stay n alive II
Jazzuo,Stay n alive II 3D
Jazzuo,Stupidity Race Deluxe
Jazzuo,The Death Arenas
Jazzuo,Trailer for Lonely Vietnam
Jazzuo,Valenta 1
Jazzuo,White Snow
Jazzuo,Wild Girls
Jazzuo,Wild Girls Screen Saver
Jazzuo,Wrap The Balls Tight
Jazzuo,Yellow Ninja's Extreme Zero
Jesse Venbrux,Deaths (Demo)
Jesse Venbrux,Focus
Jesse Venbrux,Frozzd
Jesse Venbrux,Mubbly Tower
Jesse Venbrux,Wubly
Jesse Venbrux,Wubly 2
Jimmynator,Zombies
Jo-Remi Madsen,Dungeon Chaos
Joep Aben,Thesus and the Maze
John D. Bell,Amphibix
John Richards,Breakout Game
Jon William Nijman,Airhounds
Jon William Nijman,BOOM
Jon William Nijman,Coptra
Jonatan Söderström,Clean Asia
Jordan Magnuson,5 Colors Pandora
Jose Pedro Diaz,Speedy
Josh Sullivan,Coredase
Josh Sullivan,Coredase 2
Jozef Pollak,Armageddon Days
Jozef Pollak,Armageddon Days 2
Jozef Pollak,Crazy Friends 2
Jozef Pollak,Dreamen
JTR,Crypts of Despair
JTR,Death Worm v1.04
Juho Pohjonen,Reflexion
Justin Halek,Worms 3.0
Kafeithekeaton,A Game for Three Year Olds
Kairos,Kairuga v.1.4 Final
Karel Pool,Medieval Clash
Karpi @ctive,Amazing Maze
Karpi @ctive,Animal Parc
KC Produtions,Cave In
Kenny Wright,Sketch Land
Kev4000,Flight War 2
Kev4000,Flight War 2 Demo
Kev4000,Flight War v1.1
Kev4000,Pong Deluxe
Kev4000,Pong Deluxe v1.1
Kevin Berryman,AVGN in Pixel Land Blast
Kevin Berryman,Halo Gallant Girl
Kimberly Kubus,3D FPS
Kimberly Kubus,ACSA
Kimberly Kubus,Adventures of Khayk
Kimberly Kubus,Airport
Kimberly Kubus,Ash Bash
Kimberly Kubus,Attack of the Boogiemen
Kimberly Kubus,Attack of the Clowns
Kimberly Kubus,Balloon
Kimberly Kubus,Ban
Kimberly Kubus,Ban Original
Kimberly Kubus,Bat Game
Kimberly Kubus,Bathtub
Kimberly Kubus,Bed Monsters
Kimberly Kubus,BGV2
Kimberly Kubus,Blank Screen 3
Kimberly Kubus,Blazers
Kimberly Kubus,Bombardment Wars
Kimberly Kubus,Bore Attack
Kimberly Kubus,BOTW v11
Kimberly Kubus,BW2
Kimberly Kubus,C3
Kimberly Kubus,Cabin
Kimberly Kubus,Camel Breeder
Kimberly Kubus,Completely Wasted Driver
Kimberly Kubus,Cooking Breakfast 2
Kimberly Kubus,Crash
Kimberly Kubus,Creepy
Kimberly Kubus,Death
Kimberly Kubus,Death Fighter
Kimberly Kubus,DF4
Kimberly Kubus,Drink Tea Or Die
Kimberly Kubus,Drunk
Kimberly Kubus,Easter
Kimberly Kubus,Fakkhuu
Kimberly Kubus,Fare
Kimberly Kubus,Fish
Kimberly Kubus,Floating
Kimberly Kubus,Flower Gunner
Kimberly Kubus,Fraitfrak
Kimberly Kubus,Friday The 13th 2
Kimberly Kubus,Friday The 13th 3
Kimberly Kubus,Friday The 13th 4
Kimberly Kubus,Fright Night
Kimberly Kubus,Funeral
Kimberly Kubus,Garden
Kimberly Kubus,God of Piss
Kimberly Kubus,Groovy
Kimberly Kubus,Growing Monster
Kimberly Kubus,Halloween Drive Over Massacre
Kimberly Kubus,Haunty Holiday
Kimberly Kubus,Hell On Brain
Kimberly Kubus,Hypno
Kimberly Kubus,Insane Shampoo Madness
Kimberly Kubus,Johnny
Kimberly Kubus,Johnny 10
Kimberly Kubus,Johnny 11
Kimberly Kubus,Johnny 12
Kimberly Kubus,Johnny 13
Kimberly Kubus,Johnny 14
Kimberly Kubus,Johnny 15
Kimberly Kubus,Johnny 16
Kimberly Kubus,Johnny 17
Kimberly Kubus,Johnny 18
Kimberly Kubus,Johnny 19
Kimberly Kubus,Johnny 2
Kimberly Kubus,Johnny 20
Kimberly Kubus,Johnny 21
Kimberly Kubus,Johnny 22
Kimberly Kubus,Johnny 23
Kimberly Kubus,Johnny 24
Kimberly Kubus,Johnny 25
Kimberly Kubus,Johnny 26
Kimberly Kubus,Johnny 27
Kimberly Kubus,Johnny 28
Kimberly Kubus,Johnny 29
Kimberly Kubus,Johnny 3
Kimberly Kubus,Johnny 30
Kimberly Kubus,Johnny 31
Kimberly Kubus,Johnny 32
Kimberly Kubus,Johnny 33
Kimberly Kubus,Johnny 34
Kimberly Kubus,Johnny 35
Kimberly Kubus,Johnny 36
Kimberly Kubus,Johnny 4
Kimberly Kubus,Johnny 5
Kimberly Kubus,Johnny 6
Kimberly Kubus,Johnny 7
Kimberly Kubus,Johnny 8
Kimberly Kubus,Johnny 9
Kimberly Kubus,Joystick
Kimberly Kubus,Kill The Dummies
Kimberly Kubus,Kill The Dummies 2
Kimberly Kubus,Kill The Dummies 3
Kimberly Kubus,Kitten
Kimberly Kubus,Lawnmover Massacre
Kimberly Kubus,Lawnmover Massacre 3
Kimberly Kubus,Lawnmover Massacre Episode 2
Kimberly Kubus,Liposuction
Kimberly Kubus,Magic Ball
Kimberly Kubus,Mare
Kimberly Kubus,Mort Battel
Kimberly Kubus,Muffin Junkie
Kimberly Kubus,N2
Kimberly Kubus,Necro Fighter
Kimberly Kubus,New Year In Space
Kimberly Kubus,Nice Game
Kimberly Kubus,Nice Game 2
Kimberly Kubus,Nice Game 3
Kimberly Kubus,Nowhere
Kimberly Kubus,One
Kimberly Kubus,Onkebonk
Kimberly Kubus,Ooga Booga
Kimberly Kubus,PCS Mash
Kimberly Kubus,Pink Umbrellas
Kimberly Kubus,Place Invaders
Kimberly Kubus,Project BGV
Kimberly Kubus,Puke
Kimberly Kubus,Ratta Krakka
Kimberly Kubus,Return
Kimberly Kubus,RIP
Kimberly Kubus,Sack Man
Kimberly Kubus,Santa VS Jesus
Kimberly Kubus,Sim
Kimberly Kubus,Smoflyx
Kimberly Kubus,Smugsnuggia
Kimberly Kubus,Snotornot
Kimberly Kubus,Stones
Kimberly Kubus,Sweating Balls
Kimberly Kubus,SWSA
Kimberly Kubus,The Armageddon Racers
Kimberly Kubus,The Scary Game
Kimberly Kubus,Thing Collector 2
Kimberly Kubus,VCBB
Kimberly Kubus,Weir
Kimberly Kubus,Weird Thing Collector
Kimberly Kubus,WICAG
Kimberly Kubus,Window Smasher
Kimberly Kubus,X-Mas In Space
Kimberly Kubus,Zoan Smoan
Kimberly Kubus,Zoe
Knight666,Black Warrior Kingdom Snd 3
Knight666,Element
Krimelo,Auto Cannibalism
Kristoffer Boeegh,Ball Game 3
Kyle Pulver,Depict1
Lackey,Flap Flap Flap
Laimonas Dzikaras,Turbo Dario
Legendary Creations,A Picture Is Worth A Thousand Words
Leonardo Cavaletti,Carnage Street
Leonardo Cavaletti,Dungeons and Spiders
Lidless Eye Software,CATCH THE BALLS
Lidless Eye Software,Super Tomato Brothers
Lionsoft Amatorial Development,Cheese Megadventure
Living Energy Productions,Essence Child
Locomalito,Abbaye des Morts
Luke Spartalis,Road Chase
Luke Twyman,Human Cannonball
Lunarshade Inc,3105 AD
Maelron,Artilerry F
Mandelbrotjulia,Bricks
Mandelbrotjulia,Super Trentyguy
Mark Alexander,Gauntlet Revisited
Mark Overmars,Demonstration of Registered-Only Features
Mark Overmars,Gobang
Mark Wilson,Derelict
Markyxl_,Bitrider 3D Reloaded
Martin Bérubé,AMI
Martin Bérubé,Bugz v4.0
Martin Bérubé,Kaboom
Martin Bérubé,Orion
Martin Bérubé,Rock Solid
Martin Bérubé,Tank
Matt Aldridge,Outbreak v12
Matt Scorah,Flood the Chamber
Matt Thorson,An Untitled Story
Matt Thorson,Broken Cave Robot
Matt Thorson,FLaiL
Matt Thorson,Jumper
Matt Thorson,JumperRedux
Matt Thorson,JumperThree
Matt Thorson,JumperTwo
Matthew Bowden,Globules
Matthew Savoy,Taco v1.1
Maxelliomega,Steel Broadsides v2.1
Mega Mania Productions,Glob
Messhof,Flywrench
Messhof,Krush v2
Messhof & Martin Elder,PUNISHMENT
Mike Snyder,Astrobeer
Mike Snyder,Beer Truck v1.1
Mike Snyder,Yeast Man
MoonWerkZ,Emoticon Maker
MoonWerkZ,RPG Battle Engine
MoonWerkZ,Star Ox 63
Morphosis Games,Matcher Catcher
MP Stuff,Block Trouble
Mr.Chubigans,Explodin' Crapola Helicopter Cacophony 2
N-Organism,Aztec God
Nal Games,Elemence Aux
Nal Games,FKR2
Nandrew,Desktop Dungeons
Nfyre,Grid Defender
Nfyre,Grid Defender 2
Nikolai Ivanov,KHANOO MINIGOLF  v1.10
Nikolai Ivanov,Khanoo Minigolf 2005 v1.0
NT Games,Hart
O.Sova,Exofore
O.Sova,Flipz
O.Sova,Hexoku
Odd Works,SO
Oddwarg,Destroyermech
Omicron,Ant
OpticalLiam & BrainWare,Adrenaline
P.Gaston,Toubou
P.J.Richmond,Unshadowed
Patrick Forsyth,Chain Reaction
Patrick Karpiczenko,American Bebe Soccer
Patrick Karpiczenko,Ants
Patrick Karpiczenko,Banana Quest
Patrick Karpiczenko,Dragonball Fight
Paul Anderson,Depth
Pneophen,Soldexus
PointFive Projects,Battle High - Team Up
Polystyrene Man,A Day in the Life of Bob
Polystyrene Man,Another Day in the Life of Bob3
Poppenkast,10800 Zombies
Poppenkast,God Came to the Cave
Por Correojon,Magical Drop
Project Happy,Ambiguous Onslaught
Project Happy,Environmental Overthrow
Pseudo Reality Games,Blocking
Pug Fugly Games,Ambush in Sector 9
Pug Fugly Games,Destructivator
Questracers,Easter Avenger
Rabidbolweevil,Feudal Conflict
Radical Poesis Games,Fedora Spade Episode 1
Radical Poesis Games,Fedora Spade Episode 2
Radical Poesis Games,Fedora Spade Episode 3 - Death Wears A Fedora
Red Glyph,Plasma Twins strike again
Red Software,Demo Kids
Red System Team,Ancient Ants Adventure
Red System Team,Granny and Snowman
Remar Games,Baad Gringos
Remar Games,Bag of Sunshine
Remar Games,Bear Miner
Remar Games,Bromancing Saga 2
Remar Games,Cake Game 2
Remar Games,Castle of Elite
Remar Games,Falling
Remar Games,Froggish Swimmer
Remar Games,Garden Gnome Carnage
Remar Games,Garden Gnome Tactics
Remar Games,Hair Walker
Remar Games,Hero
Remar Games,Hero 3D
Remar Games,HeroCore
Remar Games,Hyper Princess Pitch
Remar Games,Iji
Remar Games,Iji Alpha
Rhys & Tim Andrews,Caveman Craig
Ricanjo,Cookie
Richard Gonzalez,Bounty Hunter
Richard Gonzalez,Bounty Hunter 2
Richard Gonzalez,Chain Reaction
Richie Brown,Ice Martians
Richie Brown,Ice Martians 2
RJC,Cuntra
RockC4stle,Duo
Rolling Cat,Purple
RPGCreations,Alphasix
RUS Studios,Fishing 2007
Rutger Bevers,Go Up
Sakis25 Games,Crimelife
Sakis25 Games,Crimelife II
Sakis25 Games,Crimelife III
Sakis25 Games,Guns and Spurs
Sakis25 Games,Zoo Escape 3D
Salim Larochelle,Ciel Gris
Sam Games,Bone Collecter
Sam Hooke,Dominos 2 Winter Edition
Sampe,Kylät
Sander Florisson,HOVENDALL TACTICS
Sander Steenhuis,Super Snake
Sascha Swiercy,Achterbahnfahrer
Sascha Swiercy,Block
Scary Potato,Adventure Apes and the Mayan Mystery
Scattle,Constellation Chaos
Scattle,Defem
Schachtel Geist,Affenitaet
Scream681,Game Maker Battle Arena
Scream681,Robbie Swifthand
Scream681,The Ultimate Chuchu
Sensai Eggwoah,Set
Shane Heres,FOREST PLANET
SharkByte,Agartha
Shawn64,Bounty Hunter SX
Shawn64,Bubble Gum
Shawn64,Cookie Buster
Shawn64,Fireworks Maker
Shawn64,Galaxy Arcade
Shawn64,Galaxy Arcade 2 v40
Shawn64,GM Hoops
Shawn64,Holiday Hunting
Shawn64,Infection
Shawn64,Jetz Fusion
Shawn64,Jetz Rampage
Shawn64,Jetz Rampage 2
Shawn64,MARBLEX
Shawn64,Mini Golf Pro
Shawn64,Missile Wave 2
Shawn64,Missile Wave3D
Shawn64,NET RACER
Shawn64,Shawn Vs. Jerred
Shawn64,Ski Racer 2
Shawn64,Street Bike Fury
Shawn64,THRUST
Shensetta,Ghosty
Shigen,Awesome Getaway
Shinobe_man,Dorf's Quest 2 Skelton's Revenge
Shinobe_man,Dorf's Quest v15
Shinobe_man,Wicked Chill
Shoozes,Air-RPG
Shroomz0120,Eye Attack
Shroomz0120,Eye Attack 2
Shroomz0120,Eye Attack Classic
Shroomz0120,Eye Attack Veyeral Infection
Silent X,Frytopia
Silent X,Mario Kart 64
Silent X,Mario Kart Mad Circuit
Silent X,Maze Escape
Silent X,Monzania
Silent X,Putt Putt Pro
Silent X,Super Mario Platform Adventure
Silent X,Terrain Champ
Silent X,Ultimate Power
Silver Sword Entertainment,Bubble Gems
Simon Donkers,Bacteria 2
Skwarski,Astatine
Slayer64,Fly through that tube
Slayer64,Kill them lil Duffers
Slayer64,Master Editor Block Man
Slayer64,Mega Block Man
Slayer64,Mega Block Man 2.5
Slayer64,Portal
Slayer64,Power Fury
Slayer64,Pro Editor
Slayer64,Roller Ball
Softweigh Multimedia,Colour Book
soup42,Boulders Never Die
Spartan117John,Bounty Hunter PC
Speedos,A Cat Enters A House
Speedos,Acid Breast
Speedos,Admire Me
Speedos,Adventures of Marppa Splarppa
Speedos,Air Quality Fighters
Speedos,Ball King
Speedos,Beach Bastard
Speedos,Beautiful Flower
Speedos,Billy
Speedos,Bird Watcher
Speedos,Bird Watcher Screensaver
Speedos,Bobi The Bastard
Speedos,Bobi The Bastard 2
Speedos,Bomba Bastic
Speedos,Bounce Master
Speedos,Bouncy Golden Treasure
Speedos,Bow Down To Me The Game The Journey
Speedos,Bubble Boy
Speedos,Cake
Speedos,Chinese Dave
Speedos,Chinese Dave 2
Speedos,Cigarette VS Popolnik
Speedos,Clown Party
Speedos,Cooking Cockroaches
Speedos,Cuddles
Speedos,Daddy
Speedos,Deer Keeper
Speedos,Dezo
Speedos,Dog VS Spider
Speedos,Dongers
Speedos,Dongers Mini Harmonium
Speedos,Dr. Dynamite
Speedos,Dress My Hand
Speedos,Face Picker
Speedos,Face Smasher
Speedos,Fart Attack
Speedos,Feels Good Man
Speedos,Field Doug
Speedos,Field Doug 2
Speedos,Find Depusi
Speedos,Flon
Speedos,Frozen Man
Speedos,Frozen Man 2
Speedos,Frozen Pizza
Speedos,Frozen Pizza 2
Speedos,Fuck Chihuahuas
Speedos,Fuck Mosquitoes
Speedos,Fuck Mosquitoes 2
Speedos,Fuck This Old Man
Speedos,Fucker Bronco
Speedos,Funny Game
Speedos,Grave Buddy Lars
Speedos,hahaha
Speedos,Hitemall
Speedos,Honor A Battle for Honor
Speedos,Hruznydum
Speedos,Idiot Mocker
Speedos,Iglallalalia
Speedos,Jenitero
Speedos,Johnny 666
Speedos,Jumping Lemmy
Speedos,Jumping Spider
Speedos,Katana Blaster
Speedos,Kokoblin
Speedos,Kool
Speedos,Kool 2
Speedos,Kool 3
Speedos,Las Moustachos
Speedos,Legend of Babushka
Speedos,Love Game
Speedos,Man Petting Nice Horse
Speedos,Master Deflector
Speedos,Midnight Stars
Speedos,Midnight Stars 1
Speedos,Milla The Bastard
Speedos,Mouse Master
Speedos,Mouse Master 2
Speedos,Mouse Master 2 Original
Speedos,Mr. Belly
Speedos,Murdergoman
Speedos,My Feet Are Drunk
Speedos,Nigger
Speedos,Nose
Speedos,Nose 2
Speedos,Oopsie Daily Fuckers
Speedos,Out Of Control
Speedos,Peanut Butter
Speedos,Pet The Balloon
Speedos,Pinch The Nipple
Speedos,Pinch The Nipple 2
Speedos,Pinch The Nipple 3
Speedos,Pinch The Nipple 4
Speedos,Punch Corona In The Balls
Speedos,Purpleland
Speedos,Putrid Bits
Speedos,Quiz Master 3000
Speedos,RBF Five Little Fights
Speedos,Rob's Boss Fights
Speedos,Rob's Boss Fights 2
Speedos,Rob's Boss Fights 2.5
Speedos,Rob's Boss Fights Three Mighty Men
Speedos,Safe Master
Speedos,Scary Man
Speedos,Serial Masturbator
Speedos,Serial Masturbator 2
Speedos,Serial Masturbator 3
Speedos,Serial Masturbator 4
Speedos,Shower
Speedos,Slack Master
Speedos,Smuffker Mingus
Speedos,Sneaky Steve
Speedos,Spak Bebs Incredible Ball Challenge
Speedos,Sphynx Fighter
Speedos,Stew In An Igloo
Speedos,Stinky Dinky
Speedos,The Magnificent Space Turtle
Speedos,Tickle Aphex Twin's Nose
Speedos,Ublatlalla
Speedos,uuuu
Speedos,Volleyball Bastards
Speedos,Waiting For A Friend
Speedos,Waterbug
Speedos,Window Washing Fluid Drinker Adventures
Speedos,Wiz
Speedos,Zen Master
SuperCasey4,LAB14
Symmetry is Comfort,Malagai Legends
Taurus Media,Bubble Escape
Taurus Media,Megabot
Teacup,Platform Battle
Team DM,Cookie Dreamin Pogostix
Tebyan,Saving Harbour
Ted Lauterbach,Chawp
Ted Lauterbach,Descent
Ted Lauterbach,Fetus
Teknogames,Action Fist!
Tembac,2 Minutes RPG
Tembac,Avantgarde
th15,Battleships Forever
That Games Guy,Bounty Blaster v11
That Games Guy,Ketting
That Games Guy,Runokiddo
The Great Theseus,Blue
The Sonic Boll Team,Sonic Boll Version 1.2.7
The Sonic Boll Team,Sonic Boll Version 1.3.0
The Sonic Boll Team,Sonic Boll Version 1.4.0
The Sonic Boll Team,Sonic Boll Version 1.4.3
The Sonic Boll Team,Sonic Boll Version 10
The Sonic Boll Team,Sonic Boll Version 11 Beta 2
The Sonic Boll Team,Sonic Boll Version 11 Beta 3
The Sonic Boll Team,Sonic Boll Version 11 Beta 9
TheAnemic,Max the Wonderdog v12
TheRabidWombat,Smilies Quest
Theta Games,Composition Piece
TIG Community,Indie Brawl v0.1.11
Time Wraith,The Puppeteer
Timio,Hans in Space
ToadArt,Crash Dodger
Tor Sigurd,The Gods Choise
Tristan Nishimoto,Zomgman Battle Arena
Tristan Nishimoto,Zomgman Battle Arena 2
Tuukka Virtanen,Falcon
Twenty3 Games,Boxes
Tyler Wright,Mnomen
Tyler Wright,Mnomen 2
Tyler Wright,Mnomen 3
Tyler Wright,Mnomen 4
Tyler Wright,Mnomen Desert of Mantot
Tyler Wright,Mnomen Forgotten Forest
Urisoft,Alien Takeover
Urisoft,Puzzle Master II
Urisoft,Super Carrot
Urisoft,The Thing
Utopian Games,Bumps
Vadim647,Avoid .9 Arena
VD-Productions,Attack of Xolotl
VD-Productions,Blobbz Online
VD-Productions,Bounty Hunter
VD-Productions,CellOut
VD-Productions,Garbage Galactica
VD-Productions,Original Mini Games
VD-Productions,Penguins Under Siege II
VD-Productions,Pyrawords
VD-Productions,Red's Journal
VD-Productions,The Defender II
Vegar Elde,Turbo Racer 4
Venator Inc,Commodian
Venomous,Double World
Vertigo Games,Acidbomb
Vertigo Games,greenTech
Vertigo Games,Helicopter Cacophony 2
Vertigo Games,Ore No Ryomi 2 - The Restaurant
Vertigo Games,Prisms of Light
Vertigo Games,Prisms of Light 2
Victor Nguyen,A Square Shaped Adventure
Virtanen,Crash
Virtanen,The Manipulator
Virtanen,Virtual Silence
Waspwort,Cube the Worm
Webber Games,Geo Clash
Will Goss,Crimson Steel
Woodley Nye & Lexie Dostal,Dustforce Demo
Wool & Water,Puffy Star Speed
Xavier Lebec,Galactic Firestorm
Xception,2PACMAN
Xception,Crush'em
Xception,Kaugummiautomat Simulator
Xception,Nightmare Park
Xception,Q
Yal,Dracula 13
Yal,Final Columbus
Yrr,Aftermath
Zack Banack,Ammo Roar
Zack Banack,Timestill
Zack Banack,Timestill 2
Zephiel87,Another Shooter
Zvika Israeli,NessMan
Zvika Israeli,Super Pac
Zvika Israeli,Windows XT
_Nocturne_,Blackout
МЕДВЕДЕВ МАКСИМ,Engine - street race
